{
  "강남구 개포동": 0.234083893,
  "강남구 논현동": 0.203714714,
  "강남구 대치동": 0.363239602,
  "강남구 도곡동": 0.209162002,
  "강남구 삼성동": 0.358383345,
  "강남구 세곡동": 0.264271193,
  "강남구 수서동": 0.199449489,
  "강남구 신사동": 0.283745796,
  "강남구 압구정동": 0.453160895,
  "강남구 역삼동": 0.323596032,
  "강남구 일원동": 0.234212014,
  "강남구 청담동": 0.413492536,
  "강동구 강일동": 0.279224327,
  "강동구 고덕동": 0.35876771,
  "강동구 길동": 0.378473768,
  "강동구 둔촌동": 0.453264228,
  "강동구 명일동": 0.358408134,
  "강동구 상일동": 0.199449489,
  "강동구 성내동": 0.258670995,
  "강동구 암사동": 0.393530235,
  "강동구 천호동": 0.547632624,
  "강북구 미아동": 0.507451779,
  "강북구 번동": 0.383664812,
  "강북구 삼각산동": 0.249318059,
  "강북구 삼양동": 0.274239949,
  "강북구 송중동": 0.309027263,
  "강북구 송천동": 0.259286815,
  "강북구 수유동": 0.502748432,
  "강북구 우이동": 0.109705895,
  "강북구 인수동": 0.249318059,
  "강서구 가양동": 0.418452126,
  "강서구 등촌동": 0.413442959,
  "강서구 발산동": 0.279224327,
  "강서구 염창동": 0.503211342,
  "강서구 우장산동": 0.254302437,
  "강서구 화곡동": 0.597451616,
  "관악구 낙성대동": 0.229380546,
  "관악구 난곡동": 0.21941179,
  "관악구 난향동": 0.229380546,
  "관악구 남현동": 0.274136616,
  "관악구 대학동": 0.274136616,
  "관악구 미성동": 0.284105372,
  "관악구 보라매동": 0.26416786,
  "관악구 삼성동": 0.24433368,
  "관악구 서림동": 0.229380546,
  "관악구 서원동": 0.26416786,
  "관악구 성현동": 0.259286815,
  "관악구 신림동": 0.542933457,
  "관악구 신사동": 0.234364924,
  "관악구 신원동": 0.239349302,
  "관악구 은천동": 0.269152238,
  "관악구 인헌동": 0.24433368,
  "관악구 조원동": 0.239349302,
  "관악구 중앙동": 0.269152238,
  "관악구 청룡동": 0.254302437,
  "관악구 청림동": 0.239349302,
  "관악구 행운동": 0.229380546,
  "광진구 광장동": 0.29404934,
  "광진구 구의동": 0.572219726,
  "광진구 군자동": 0.274136616,
  "광진구 능동": 0.13950883,
  "광진구 자양동": 0.677123121,
  "광진구 중곡동": 0.453032773,
  "광진구 화양동": 0.244102226,
  "구로구 가리봉동": 0.234364924,
  "구로구 개봉동": 0.502979887,
  "구로구 고척동": 0.756691293,
  "구로구 구로동": 1,
  "구로구 수궁동": 0.234364924,
  "구로구 신도림동": 0.239196392,
  "구로구 오류동": 0.348774166,
  "구로구 항동": 0.254302437,
  "금천구 가산동": 0.343455,
  "금천구 독산동": 0.806535073,
  "금천구 시흥동": 0.672138743,
  "노원구 공릉동": 0.403346081,
  "노원구 상계동": 0.706955024,
  "노원구 월계동": 0.328787076,
  "노원구 중계동": 0.667361031,
  "노원구 하계동": 0.274111827,
  "도봉구 도봉동": 0.298905596,
  "도봉구 방학동": 0.47816133,
  "도봉구 쌍문동": 0.483377163,
  "도봉구 창동": 0.612301417,
  "동대문구 제기동": 0.383354813,
  "동대문구 답십리동": 0.453470894,
  "동대문구 용두동": 0.293714552,
  "동대문구 이문동": 0.393298781,
  "동대문구 장안동": 0.607469949,
  "동대문구 전농동": 0.428214216,
  "동대문구 청량리동": 0.323980397,
  "동대문구 회기동": 0.259183482,
  "동대문구 휘경동": 0.323852275,
  "동작구 노량진동": 0.288961629,
  "동작구 대방동": 0.293817885,
  "동작구 사당동": 0.373567934,
  "동작구 상도동": 0.457967574,
  "동작구 신대방동": 0.289193083,
  "동작구 흑석동": 0.249189937,
  "마포구 공덕동": 0.348670833,
  "마포구 대흥동": 0.134627785,
  "마포구 도화동": 0.254174315,
  "마포구 망원동": 0.343814576,
  "마포구 상암동": 0.254277648,
  "마포구 서강동": 0.284208705,
  "마포구 서교동": 0.288858295,
  "마포구 성산동": 0.249061815,
  "마포구 신수동": 0.348798954,
  "마포구 아현동": 0.159549676,
  "마포구 연남동": 0.279120994,
  "마포구 염리동": 0.304042884,
  "마포구 용강동": 0.234364924,
  "마포구 합정동": 0.21429929,
  "서대문구 남가좌동": 0.458017151,
  "서대문구 북가좌동": 0.3688398,
  "서대문구 북아현동": 0.269255571,
  "서대문구 신촌동": 0.259183482,
  "서대문구 연희동": 0.309027263,
  "서대문구 천연동": 0.224396168,
  "서대문구 충현동": 0.109705895,
  "서대문구 홍은동": 0.398642735,
  "서대문구 홍제동": 0.293611219,
  "서초구 내곡동": 0.264271193,
  "서초구 반포동": 0.139227799,
  "서초구 방배동": 0.268974539,
  "서초구 서초동": 0.258877661,
  "서초구 양재동": 0.169415099,
  "서초구 잠원동": 0.438492971,
  "성동구 금호동": 0.378552313,
  "성동구 마장동": 0.269127449,
  "성동구 사근동": 0.179511977,
  "성동구 성수동": 0.343636877,
  "성동구 송정동": 0.239349302,
  "성동구 옥수동": 0.323852275,
  "성동구 왕십리도선동": 0.303914763,
  "성동구 용답동": 0.094624639,
  "성동구 응봉동": 0.199449489,
  "성동구 행당동": 0.288705385,
  "성북구 길음동": 0.920530982,
  "성북구 돈암동": 0.468217362,
  "성북구 동선동": 0.26416786,
  "성북구 보문동": 0.313780186,
  "성북구 삼선동": 0.174399477,
  "성북구 석관동": 0.274008494,
  "성북구 성북동": 0.234364924,
  "성북구 안암동": 0.184496355,
  "성북구 월곡동": 0.249165148,
  "성북구 장위동": 0.338702076,
  "성북구 정릉동": 0.378758979,
  "성북구 종암동": 0.348902287,
  "송파구 가락동": 0.25378995,
  "송파구 거여동": 0.333821031,
  "송파구 마천동": 0.298930385,
  "송파구 문정동": 0.403292325,
  "송파구 방이동": 0.194105535,
  "송파구 삼전동": 0.26416786,
  "송파구 석촌동": 0.288858295,
  "송파구 송파동": 0.348798954,
  "송파구 오금동": 0.313883519,
  "송파구 오륜동": 0.229380546,
  "송파구 위례동": 0.264271193,
  "송파구 잠실동": 0.532448035,
  "송파구 장지동": 0.169518432,
  "송파구 풍납동": 0.393658357,
  "양천구 목동": 0.641719988,
  "양천구 신월동": 0.677457909,
  "양천구 신정동": 0.657239365,
  "영등포구 당산동": 0.512820522,
  "영등포구 대림동": 0.453136106,
  "영등포구 도림동": 0.33384582,
  "영등포구 문래동": 0.478057997,
  "영등포구 신길동": 0.482889465,
  "영등포구 양평동": 0.413339626,
  "영등포구 영등포동": 0.592157239,
  "용산구 남영동": 0.13950883,
  "용산구 보광동": 0.279224327,
  "용산구 서빙고동": 0.174527599,
  "용산구 용문동": 0.234364924,
  "용산구 용산동": 0.238989726,
  "용산구 원효로동": 0.28908975,
  "용산구 이촌동": 0.333949153,
  "용산구 이태원동": 0.333717698,
  "용산구 청파동": 0.224396168,
  "용산구 한강로동": 0.586838073,
  "용산구 한남동": 0.184368233,
  "용산구 효창동": 0.174527599,
  "용산구 후암동": 0.239349302,
  "은평구 갈현동": 0.199321368,
  "은평구 구산동": 0.328861442,
  "은평구 녹번동": 0.159549676,
  "은평구 대조동": 0.333614365,
  "은평구 불광동": 0.567570136,
  "은평구 수색동": 0.288961629,
  "은평구 신사동": 0.26401495,
  "은평구 역촌동": 0.313908307,
  "은평구 응암동": 0.458248606,
  "은평구 증산동": 0.199449489,
  "은평구 진관동": 0.378783767,
  "종로구 가회동": 0.21941179,
  "종로구 교남동": 0.239349302,
  "종로구 무악동": 0.209314912,
  "종로구 부암동": 0.21941179,
  "종로구 사직동": 0.21941179,
  "종로구 삼청동": 0.21941179,
  "종로구 숭인동": 0.308795808,
  "종로구 이화동": 0.159574464,
  "종로구 종로동": 0.144133632,
  "종로구 창신동": 0.28397725,
  "종로구 청운효자동": 0.164558843,
  "종로구 평창동": 0.229380546,
  "종로구 혜화동": 0.224396168,
  "중구 광희동": 0.21941179,
  "중구 다산동": 0.214427412,
  "중구 동화동": 0.214427412,
  "중구 명동": 0.23413347,
  "중구 소공동": 0.254199104,
  "중구 신당동": 0.497635933,
  "중구 약수동": 0.214427412,
  "중구 을지로동": 0.253479951,
  "중구 장충동": 0.164558843,
  "중구 중림동": 0.224396168,
  "중구 청구동": 0.214427412,
  "중구 필동": 0.159574464,
  "중구 황학동": 0.313908307,
  "중구 회현동": 0.109705895,
  "중랑구 망우동": 0.239093059,
  "중랑구 면목동": 0.328787076,
  "중랑구 묵동": 0.284080584,
  "중랑구 상봉동": 0.234108681,
  "중랑구 신내동": 0.458223817
}