{
  "강남구": 0.067271,
  "강동구": 0.584584,
  "강북구": 0.144476,
  "강서구": 0.558776,
  "관악구": 0.215116,
  "광진구": 0.267511,
  "구로구": 0.334384,
  "금천구": -0.231913,
  "노원구": 0.233595,
  "도봉구": -0.117327,
  "동대문구": 0.537384,
  "동작구": -0.159987,
  "마포구": -0.253220,
  "서대문구": 0.329643,
  "서초구": 0.032875,
  "성동구": -0.020146,
  "성북구": 0.888278,
  "송파구": 0.330336,
  "양천구": 0.139764,
  "영등포구": 0.000000,
  "용산구": 0.275977,
  "은평구": 0.510080,
  "종로구": 0.037028,
  "중구": 0.290392,
  "중랑구": -0.210526
}